Airline,Source,Destination,Price,Duration,Date
IndiGo,Chennai,Bangalore,3311,5h 45m,2026-04-14
Air India,Hyderabad,New Delhi,11524,2h 15m,2026-04-20
Air India,Bangalore,Chennai,10536,5h 15m,2026-04-20
GoAir,Bangalore,New Delhi,12601,4h 0m,2026-04-24
IndiGo,New Delhi,Bangalore,10011,5h 15m,2026-04-16
Vistara,Kolkata,Bangalore,3143,3h 30m,2026-04-23
SpiceJet,Bangalore,Chennai,3620,1h 30m,2026-04-19
IndiGo,Kolkata,Bangalore,4164,3h 45m,2026-04-21
GoAir,Bangalore,Mumbai,9223,1h 30m,2026-04-18
IndiGo,New Delhi,Kolkata,5987,2h 45m,2026-04-21
GoAir,Kolkata,Mumbai,11111,3h 45m,2026-04-19
GoAir,Hyderabad,Chennai,13796,5h 30m,2026-04-15
SpiceJet,Bangalore,Hyderabad,3266,1h 15m,2026-04-17
SpiceJet,Bangalore,Kolkata,6278,3h 0m,2026-04-16
GoAir,Hyderabad,Mumbai,3865,5h 15m,2026-04-19
Air India,Kolkata,Hyderabad,9011,4h 30m,2026-04-20
IndiGo,New Delhi,Hyderabad,6398,5h 15m,2026-04-20
GoAir,New Delhi,Bangalore,5819,5h 15m,2026-04-18
SpiceJet,Kolkata,Chennai,14360,5h 30m,2026-04-18
Air India,New Delhi,Chennai,10322,4h 0m,2026-04-18
Vistara,Kolkata,Bangalore,11556,2h 15m,2026-04-17
GoAir,Chennai,Hyderabad,3274,2h 15m,2026-04-15
IndiGo,Chennai,Mumbai,7790,2h 0m,2026-04-19
IndiGo,New Delhi,Mumbai,8908,4h 15m,2026-04-18
SpiceJet,Kolkata,New Delhi,11939,5h 45m,2026-04-22
Air India,Hyderabad,Mumbai,8325,3h 30m,2026-04-19
Vistara,Bangalore,Kolkata,10328,5h 30m,2026-04-15
IndiGo,Mumbai,Hyderabad,14169,3h 45m,2026-04-15
Vistara,Bangalore,New Delhi,11381,4h 45m,2026-04-15
SpiceJet,Bangalore,Chennai,6614,1h 0m,2026-04-14
Vistara,Hyderabad,New Delhi,11437,2h 15m,2026-04-15
Air India,Chennai,Kolkata,14861,1h 45m,2026-04-18
Vistara,New Delhi,Chennai,10798,2h 30m,2026-04-23
SpiceJet,Kolkata,Chennai,12562,5h 0m,2026-04-16
IndiGo,Mumbai,Bangalore,6181,4h 0m,2026-04-21
GoAir,Kolkata,Bangalore,4697,5h 15m,2026-04-24
GoAir,Bangalore,Mumbai,3291,5h 45m,2026-04-14
SpiceJet,Chennai,Bangalore,8311,2h 45m,2026-04-18
Vistara,Hyderabad,Mumbai,10579,4h 0m,2026-04-19
Vistara,Hyderabad,Bangalore,3434,1h 45m,2026-04-20
Vistara,Kolkata,Bangalore,4313,3h 0m,2026-04-15
GoAir,Mumbai,Bangalore,4627,5h 30m,2026-04-23
SpiceJet,Kolkata,Chennai,10186,2h 15m,2026-04-24
GoAir,Hyderabad,Chennai,12217,4h 45m,2026-04-24
Air India,Kolkata,Chennai,3974,4h 45m,2026-04-14
SpiceJet,Hyderabad,Bangalore,3536,1h 0m,2026-04-20
Air India,Bangalore,New Delhi,12112,2h 0m,2026-04-18
Air India,Chennai,New Delhi,8422,4h 45m,2026-04-16
Vistara,New Delhi,Chennai,8800,1h 0m,2026-04-22
SpiceJet,Kolkata,Hyderabad,2037,1h 45m,2026-04-22
Vistara,Bangalore,Mumbai,6534,2h 45m,2026-04-16
Vistara,Bangalore,Chennai,8489,2h 30m,2026-04-21
IndiGo,Bangalore,Kolkata,2590,5h 15m,2026-04-15
SpiceJet,New Delhi,Bangalore,7354,4h 0m,2026-04-20
Air India,Chennai,New Delhi,8636,2h 0m,2026-04-14
IndiGo,Mumbai,Bangalore,12390,4h 45m,2026-04-21
IndiGo,Chennai,New Delhi,10166,1h 0m,2026-04-18
SpiceJet,New Delhi,Mumbai,8153,1h 15m,2026-04-14
SpiceJet,New Delhi,Mumbai,4324,2h 15m,2026-04-17
Air India,Hyderabad,Bangalore,10162,4h 15m,2026-04-16
IndiGo,New Delhi,Mumbai,7183,1h 45m,2026-04-21
SpiceJet,New Delhi,Hyderabad,10497,5h 15m,2026-04-17
SpiceJet,Kolkata,Bangalore,2813,5h 45m,2026-04-15
Air India,Bangalore,New Delhi,8079,3h 45m,2026-04-18
GoAir,Mumbai,New Delhi,2241,4h 15m,2026-04-16
GoAir,Chennai,Bangalore,14890,5h 0m,2026-04-16
SpiceJet,Kolkata,Hyderabad,7677,5h 15m,2026-04-17
IndiGo,Chennai,Bangalore,13758,1h 45m,2026-04-19
SpiceJet,Bangalore,Mumbai,3140,5h 45m,2026-04-23
Vistara,Kolkata,New Delhi,14408,3h 45m,2026-04-23
Air India,New Delhi,Bangalore,6559,4h 30m,2026-04-15
Air India,Bangalore,New Delhi,8362,5h 15m,2026-04-16
Vistara,Kolkata,New Delhi,6085,4h 30m,2026-04-16
SpiceJet,Hyderabad,Kolkata,6337,1h 0m,2026-04-15
IndiGo,Kolkata,Bangalore,9806,4h 30m,2026-04-22
Vistara,New Delhi,Hyderabad,2199,4h 0m,2026-04-23
IndiGo,Bangalore,Hyderabad,4293,4h 30m,2026-04-23
Air India,Bangalore,New Delhi,2172,3h 45m,2026-04-14
Vistara,Hyderabad,Bangalore,10449,4h 15m,2026-04-24
SpiceJet,Hyderabad,Mumbai,14584,2h 15m,2026-04-19
Air India,Bangalore,Kolkata,3881,3h 15m,2026-04-21
Vistara,Chennai,Hyderabad,4607,1h 0m,2026-04-24
SpiceJet,Bangalore,Hyderabad,6169,1h 15m,2026-04-19
Vistara,Mumbai,Bangalore,11927,1h 0m,2026-04-15
IndiGo,Bangalore,Chennai,6265,4h 15m,2026-04-23
GoAir,New Delhi,Chennai,13518,5h 45m,2026-04-19
SpiceJet,Hyderabad,Mumbai,11464,4h 30m,2026-04-16
GoAir,Bangalore,Chennai,13665,1h 45m,2026-04-24
SpiceJet,Bangalore,Hyderabad,12009,5h 45m,2026-04-16
Vistara,Bangalore,Chennai,6231,3h 45m,2026-04-24
IndiGo,Chennai,Hyderabad,11043,3h 0m,2026-04-14
IndiGo,New Delhi,Kolkata,5833,4h 0m,2026-04-18
GoAir,Mumbai,New Delhi,12714,5h 45m,2026-04-18
SpiceJet,Chennai,Bangalore,11068,1h 30m,2026-04-22
Air India,New Delhi,Hyderabad,14699,4h 45m,2026-04-14
IndiGo,Chennai,Bangalore,9360,5h 15m,2026-04-21
Vistara,Chennai,Mumbai,10569,5h 45m,2026-04-19
Air India,Bangalore,Mumbai,11820,4h 30m,2026-04-14
GoAir,Kolkata,Chennai,10547,1h 30m,2026-04-14
IndiGo,Chennai,Mumbai,9612,2h 30m,2026-04-14
Air India,Bangalore,Mumbai,4508,5h 45m,2026-04-16
GoAir,Mumbai,New Delhi,4789,2h 30m,2026-04-19
IndiGo,New Delhi,Hyderabad,12293,4h 30m,2026-04-22
GoAir,Chennai,Hyderabad,6166,1h 15m,2026-04-23
Vistara,Mumbai,Kolkata,2543,4h 45m,2026-04-17
IndiGo,Hyderabad,Kolkata,10689,1h 0m,2026-04-16
SpiceJet,Bangalore,Kolkata,3754,5h 45m,2026-04-15
IndiGo,Mumbai,New Delhi,14764,3h 0m,2026-04-14
IndiGo,New Delhi,Mumbai,2928,2h 0m,2026-04-24
GoAir,New Delhi,Kolkata,2595,2h 30m,2026-04-15
IndiGo,Mumbai,New Delhi,10631,3h 45m,2026-04-19
IndiGo,Mumbai,Hyderabad,7008,4h 0m,2026-04-22
GoAir,Mumbai,Hyderabad,5802,2h 30m,2026-04-19
GoAir,Mumbai,Hyderabad,7378,1h 0m,2026-04-17
Air India,Chennai,Hyderabad,3987,3h 15m,2026-04-20
GoAir,Mumbai,Kolkata,13077,5h 30m,2026-04-18
IndiGo,Kolkata,Bangalore,14577,2h 15m,2026-04-19
Vistara,Bangalore,New Delhi,3128,2h 30m,2026-04-16
Vistara,New Delhi,Bangalore,10505,4h 15m,2026-04-16
GoAir,Kolkata,Mumbai,5519,2h 45m,2026-04-22
IndiGo,Mumbai,Hyderabad,14940,1h 30m,2026-04-15
SpiceJet,Kolkata,Mumbai,5754,2h 0m,2026-04-21
IndiGo,Chennai,Bangalore,12288,1h 45m,2026-04-21
SpiceJet,Bangalore,Mumbai,2408,4h 0m,2026-04-17
Air India,Chennai,New Delhi,5158,1h 15m,2026-04-14
IndiGo,Mumbai,New Delhi,2384,5h 0m,2026-04-20
IndiGo,Kolkata,Chennai,7776,4h 15m,2026-04-24
GoAir,New Delhi,Mumbai,9434,4h 15m,2026-04-18
GoAir,Chennai,New Delhi,3021,5h 30m,2026-04-14
Vistara,Hyderabad,New Delhi,10227,5h 30m,2026-04-23
IndiGo,Kolkata,Mumbai,4772,3h 45m,2026-04-23
IndiGo,Bangalore,Hyderabad,6361,3h 45m,2026-04-23
SpiceJet,Chennai,Bangalore,2771,5h 45m,2026-04-17
SpiceJet,Kolkata,Mumbai,6448,3h 15m,2026-04-17
Vistara,Kolkata,Chennai,8222,2h 0m,2026-04-14
GoAir,Hyderabad,Kolkata,2473,2h 45m,2026-04-21
GoAir,Chennai,New Delhi,9231,5h 45m,2026-04-15
GoAir,Chennai,New Delhi,8235,1h 15m,2026-04-22
Vistara,Chennai,Mumbai,3014,4h 30m,2026-04-19
Air India,New Delhi,Hyderabad,5526,5h 30m,2026-04-17
Vistara,Chennai,Hyderabad,3151,4h 30m,2026-04-14
IndiGo,Hyderabad,Bangalore,9664,1h 30m,2026-04-24
Air India,Bangalore,Chennai,12549,1h 15m,2026-04-15
Air India,Chennai,Kolkata,2694,5h 15m,2026-04-19
Air India,Chennai,Mumbai,7480,2h 30m,2026-04-15
IndiGo,Kolkata,New Delhi,3054,2h 0m,2026-04-19
Vistara,Bangalore,Mumbai,4261,1h 45m,2026-04-23
Air India,Mumbai,Chennai,3261,3h 45m,2026-04-22
IndiGo,Chennai,Mumbai,14888,1h 30m,2026-04-16
IndiGo,New Delhi,Kolkata,13886,5h 0m,2026-04-17
GoAir,Chennai,Hyderabad,5052,4h 0m,2026-04-21
Air India,Hyderabad,New Delhi,9168,1h 45m,2026-04-24
Air India,Kolkata,Bangalore,12904,1h 30m,2026-04-21
IndiGo,Chennai,Mumbai,4765,2h 30m,2026-04-20
Air India,Chennai,New Delhi,9204,1h 15m,2026-04-20
Vistara,Hyderabad,New Delhi,8929,1h 45m,2026-04-22
SpiceJet,Bangalore,Hyderabad,10334,5h 45m,2026-04-19
IndiGo,Chennai,Mumbai,3190,1h 30m,2026-04-24
SpiceJet,Hyderabad,New Delhi,3151,2h 15m,2026-04-15
SpiceJet,Kolkata,Hyderabad,7129,3h 0m,2026-04-21
SpiceJet,Chennai,Hyderabad,13213,2h 45m,2026-04-21
GoAir,Bangalore,New Delhi,11865,4h 30m,2026-04-18
SpiceJet,Bangalore,Mumbai,8351,5h 0m,2026-04-17
GoAir,Hyderabad,Bangalore,6499,5h 30m,2026-04-20
GoAir,Mumbai,Hyderabad,3494,4h 15m,2026-04-23
GoAir,Kolkata,Bangalore,11378,5h 30m,2026-04-18
Vistara,Bangalore,New Delhi,3523,4h 0m,2026-04-22
IndiGo,Chennai,Mumbai,11113,1h 15m,2026-04-15
Vistara,Kolkata,Bangalore,13324,3h 0m,2026-04-15
Air India,Hyderabad,Mumbai,13055,2h 0m,2026-04-15
GoAir,Mumbai,New Delhi,7998,2h 15m,2026-04-19
GoAir,Mumbai,Kolkata,7593,4h 45m,2026-04-18
GoAir,New Delhi,Mumbai,8445,5h 45m,2026-04-15
Air India,Chennai,Bangalore,14939,3h 0m,2026-04-20
Vistara,Chennai,Mumbai,4813,5h 0m,2026-04-21
Air India,Bangalore,Chennai,14860,1h 0m,2026-04-15
GoAir,Mumbai,Hyderabad,4103,2h 15m,2026-04-19
GoAir,Kolkata,New Delhi,5726,2h 30m,2026-04-15
SpiceJet,New Delhi,Hyderabad,2914,5h 30m,2026-04-15
IndiGo,New Delhi,Hyderabad,13316,2h 45m,2026-04-18
GoAir,Bangalore,Hyderabad,7429,5h 45m,2026-04-16
GoAir,Bangalore,Hyderabad,3030,1h 0m,2026-04-24
Air India,New Delhi,Hyderabad,7688,5h 45m,2026-04-17
Air India,Hyderabad,Bangalore,7158,2h 0m,2026-04-15
GoAir,New Delhi,Bangalore,4006,2h 0m,2026-04-23
SpiceJet,New Delhi,Kolkata,5134,1h 15m,2026-04-23
Vistara,Hyderabad,Chennai,2962,3h 15m,2026-04-21
Air India,Kolkata,New Delhi,13710,3h 0m,2026-04-19
Air India,New Delhi,Bangalore,6460,1h 45m,2026-04-22
Air India,Mumbai,New Delhi,12516,5h 45m,2026-04-15
IndiGo,Mumbai,Chennai,5517,3h 0m,2026-04-20
Air India,Hyderabad,Mumbai,2413,3h 45m,2026-04-18
GoAir,Mumbai,Hyderabad,13680,4h 30m,2026-04-18
IndiGo,Hyderabad,Bangalore,2565,3h 30m,2026-04-17
Vistara,Kolkata,Mumbai,14908,1h 15m,2026-04-18
Vistara,Chennai,New Delhi,4642,3h 45m,2026-04-21
SpiceJet,Hyderabad,Bangalore,5518,3h 15m,2026-04-16
GoAir,New Delhi,Kolkata,11694,2h 0m,2026-04-14
SpiceJet,Mumbai,Kolkata,12036,2h 0m,2026-04-17
Air India,Mumbai,Bangalore,11804,5h 0m,2026-04-15
Vistara,Chennai,Hyderabad,10157,3h 45m,2026-04-16
GoAir,Mumbai,Hyderabad,5933,1h 30m,2026-04-16
Vistara,Kolkata,Mumbai,12677,5h 0m,2026-04-23
SpiceJet,Bangalore,Kolkata,3638,2h 30m,2026-04-14
IndiGo,New Delhi,Hyderabad,8100,3h 45m,2026-04-23
Vistara,Bangalore,New Delhi,8047,5h 0m,2026-04-16
SpiceJet,Chennai,Kolkata,7457,3h 15m,2026-04-24
SpiceJet,Bangalore,Mumbai,7000,5h 30m,2026-04-18
GoAir,Bangalore,New Delhi,5706,2h 30m,2026-04-20
Vistara,Mumbai,Hyderabad,14802,2h 0m,2026-04-16
Vistara,Mumbai,Chennai,13020,4h 0m,2026-04-21
SpiceJet,Kolkata,New Delhi,6864,2h 15m,2026-04-23
IndiGo,Mumbai,Kolkata,13075,1h 30m,2026-04-17
Vistara,Mumbai,Bangalore,10125,1h 30m,2026-04-18
SpiceJet,Kolkata,Bangalore,8271,5h 0m,2026-04-23
Vistara,Kolkata,Chennai,3544,2h 0m,2026-04-16
Vistara,Kolkata,Chennai,3483,4h 0m,2026-04-19
IndiGo,Hyderabad,Bangalore,5605,4h 0m,2026-04-17
SpiceJet,Mumbai,Kolkata,4240,5h 0m,2026-04-18
SpiceJet,Chennai,Mumbai,3657,5h 30m,2026-04-22
GoAir,Bangalore,New Delhi,9397,1h 45m,2026-04-16
Air India,Bangalore,Chennai,2429,5h 45m,2026-04-17
SpiceJet,New Delhi,Mumbai,13887,5h 0m,2026-04-20
GoAir,Bangalore,Kolkata,2331,2h 45m,2026-04-22
IndiGo,Kolkata,Mumbai,2748,3h 45m,2026-04-23
Air India,Mumbai,New Delhi,10061,5h 0m,2026-04-23
Vistara,Chennai,New Delhi,10476,1h 0m,2026-04-24
IndiGo,Mumbai,Kolkata,12547,3h 45m,2026-04-18
Vistara,Kolkata,Mumbai,2311,5h 45m,2026-04-17
Vistara,Kolkata,Bangalore,11119,5h 45m,2026-04-17
SpiceJet,Chennai,Mumbai,7256,1h 15m,2026-04-21
SpiceJet,Hyderabad,Mumbai,8766,2h 45m,2026-04-14
SpiceJet,New Delhi,Chennai,13238,3h 15m,2026-04-15
GoAir,Mumbai,Hyderabad,7026,5h 0m,2026-04-15
GoAir,Kolkata,New Delhi,10379,1h 45m,2026-04-14
Vistara,Kolkata,New Delhi,4045,3h 30m,2026-04-22
Vistara,New Delhi,Mumbai,13383,3h 45m,2026-04-20
IndiGo,Kolkata,Mumbai,3208,5h 45m,2026-04-16
IndiGo,Mumbai,Hyderabad,2030,3h 15m,2026-04-21
Vistara,Chennai,Mumbai,6244,3h 30m,2026-04-22
Air India,Chennai,Kolkata,3437,5h 30m,2026-04-20
Air India,Chennai,Bangalore,12300,1h 0m,2026-04-18
GoAir,Kolkata,New Delhi,8168,4h 15m,2026-04-20
GoAir,Chennai,Bangalore,6411,4h 45m,2026-04-16
Air India,Kolkata,Mumbai,6558,1h 45m,2026-04-16
Vistara,Hyderabad,Chennai,3219,4h 0m,2026-04-23
SpiceJet,Chennai,Hyderabad,3538,1h 30m,2026-04-16
SpiceJet,Chennai,Bangalore,11933,5h 0m,2026-04-23
Vistara,Mumbai,Chennai,14627,4h 0m,2026-04-19
Vistara,New Delhi,Chennai,3959,3h 30m,2026-04-18
SpiceJet,Mumbai,Chennai,6253,4h 30m,2026-04-15
Vistara,Kolkata,Hyderabad,6861,2h 45m,2026-04-17
IndiGo,Mumbai,New Delhi,8896,3h 15m,2026-04-20
Vistara,Mumbai,Kolkata,2788,2h 30m,2026-04-19
SpiceJet,Chennai,Kolkata,7848,1h 45m,2026-04-16
SpiceJet,Hyderabad,Bangalore,8207,1h 30m,2026-04-22
Air India,Mumbai,Bangalore,9347,4h 0m,2026-04-14
IndiGo,Chennai,Hyderabad,6120,5h 45m,2026-04-22
GoAir,Bangalore,Kolkata,5830,3h 30m,2026-04-16
SpiceJet,New Delhi,Chennai,6289,1h 15m,2026-04-17
Air India,Mumbai,Bangalore,11933,4h 15m,2026-04-20
Air India,Kolkata,Hyderabad,11509,2h 15m,2026-04-15
GoAir,New Delhi,Kolkata,2846,1h 0m,2026-04-21
Air India,Chennai,New Delhi,14163,4h 0m,2026-04-23
Vistara,Chennai,New Delhi,9792,4h 30m,2026-04-14
SpiceJet,Chennai,Mumbai,3703,3h 0m,2026-04-17
Vistara,Hyderabad,Chennai,10880,5h 30m,2026-04-14
Vistara,New Delhi,Mumbai,12716,1h 0m,2026-04-24
Air India,Hyderabad,Kolkata,11936,4h 15m,2026-04-24
Air India,Hyderabad,Mumbai,10616,4h 0m,2026-04-16
SpiceJet,Hyderabad,New Delhi,4129,5h 45m,2026-04-23
GoAir,Kolkata,Bangalore,14688,5h 0m,2026-04-22
IndiGo,Bangalore,Mumbai,9082,2h 0m,2026-04-14
SpiceJet,Hyderabad,Mumbai,4132,2h 45m,2026-04-22
Air India,Chennai,New Delhi,6980,4h 0m,2026-04-21
Air India,Hyderabad,Kolkata,5671,3h 0m,2026-04-23
Vistara,Kolkata,Hyderabad,13583,3h 30m,2026-04-16
Vistara,Bangalore,New Delhi,4133,5h 0m,2026-04-14
IndiGo,Bangalore,Hyderabad,13715,2h 15m,2026-04-18
Vistara,Bangalore,Kolkata,5267,1h 30m,2026-04-14
Vistara,Bangalore,Kolkata,5945,5h 0m,2026-04-15
IndiGo,Chennai,Kolkata,7211,2h 0m,2026-04-15
Air India,Kolkata,Bangalore,13314,4h 30m,2026-04-21
Air India,Hyderabad,Kolkata,13414,1h 15m,2026-04-17
Vistara,New Delhi,Chennai,3512,1h 0m,2026-04-16
GoAir,Bangalore,Mumbai,3957,5h 15m,2026-04-15
IndiGo,Chennai,Hyderabad,2866,1h 15m,2026-04-21
Air India,Kolkata,Hyderabad,13316,1h 0m,2026-04-17
Air India,Bangalore,Chennai,13905,1h 15m,2026-04-18
SpiceJet,Hyderabad,Kolkata,2997,3h 30m,2026-04-23
Air India,Hyderabad,Mumbai,10181,5h 45m,2026-04-17
SpiceJet,Mumbai,Kolkata,7156,1h 30m,2026-04-22
GoAir,Mumbai,Kolkata,9535,2h 45m,2026-04-14
Air India,New Delhi,Chennai,2984,3h 0m,2026-04-19
SpiceJet,Chennai,Hyderabad,4605,1h 0m,2026-04-17
GoAir,Bangalore,Chennai,8847,1h 45m,2026-04-22
Vistara,New Delhi,Bangalore,12874,2h 15m,2026-04-14
GoAir,Kolkata,Chennai,2591,4h 45m,2026-04-15
IndiGo,New Delhi,Mumbai,9538,3h 45m,2026-04-15
Air India,Kolkata,Mumbai,9669,4h 30m,2026-04-15
Vistara,Chennai,Mumbai,2686,4h 30m,2026-04-21
Air India,Kolkata,New Delhi,11511,1h 15m,2026-04-16
GoAir,Hyderabad,New Delhi,12957,5h 45m,2026-04-23
SpiceJet,Chennai,Hyderabad,6637,1h 30m,2026-04-14
Vistara,Chennai,Bangalore,9568,1h 0m,2026-04-21
Air India,Hyderabad,Kolkata,7028,1h 15m,2026-04-18
GoAir,Hyderabad,Chennai,4960,2h 45m,2026-04-18
GoAir,Mumbai,Kolkata,9743,5h 30m,2026-04-20
Vistara,New Delhi,Hyderabad,6870,2h 30m,2026-04-17
Air India,Chennai,Hyderabad,11588,1h 45m,2026-04-18
SpiceJet,Mumbai,New Delhi,10153,2h 30m,2026-04-20
GoAir,Chennai,New Delhi,13424,1h 30m,2026-04-19
IndiGo,Hyderabad,Mumbai,14638,1h 45m,2026-04-22
Vistara,Mumbai,Chennai,10465,5h 0m,2026-04-20
IndiGo,Bangalore,New Delhi,8392,2h 0m,2026-04-17
GoAir,Mumbai,Kolkata,2456,3h 0m,2026-04-18
GoAir,Mumbai,Hyderabad,2679,4h 45m,2026-04-18
GoAir,Chennai,Hyderabad,9050,4h 15m,2026-04-22
SpiceJet,Hyderabad,New Delhi,4932,5h 30m,2026-04-24
Vistara,Hyderabad,Kolkata,2344,2h 15m,2026-04-16
GoAir,Hyderabad,Kolkata,8684,4h 15m,2026-04-24
Air India,Mumbai,Bangalore,6070,4h 45m,2026-04-21
GoAir,Kolkata,New Delhi,11465,3h 30m,2026-04-21
GoAir,Chennai,New Delhi,12022,2h 45m,2026-04-17
Vistara,New Delhi,Hyderabad,2603,1h 30m,2026-04-15
GoAir,Hyderabad,New Delhi,9447,1h 15m,2026-04-20
GoAir,Chennai,New Delhi,6300,2h 15m,2026-04-21
IndiGo,Mumbai,Hyderabad,12068,5h 0m,2026-04-20
SpiceJet,Mumbai,New Delhi,4310,5h 45m,2026-04-21
Vistara,New Delhi,Mumbai,5168,3h 30m,2026-04-24
Vistara,Mumbai,New Delhi,13113,2h 15m,2026-04-17
Air India,Chennai,Kolkata,11905,4h 15m,2026-04-22
GoAir,Hyderabad,Mumbai,10105,1h 30m,2026-04-24
IndiGo,Bangalore,Kolkata,12670,3h 30m,2026-04-14
Vistara,Kolkata,Chennai,13881,5h 45m,2026-04-15
Air India,Bangalore,Mumbai,13255,2h 30m,2026-04-17
SpiceJet,Chennai,Kolkata,11834,2h 0m,2026-04-19
IndiGo,Chennai,Mumbai,7324,5h 0m,2026-04-18
GoAir,Chennai,Bangalore,10892,5h 0m,2026-04-15
IndiGo,New Delhi,Kolkata,7499,5h 0m,2026-04-22
Vistara,Kolkata,New Delhi,5941,5h 0m,2026-04-19
IndiGo,Mumbai,Bangalore,2838,2h 15m,2026-04-16
SpiceJet,Chennai,Hyderabad,13719,1h 45m,2026-04-24
Air India,Mumbai,New Delhi,4880,2h 15m,2026-04-20
SpiceJet,Chennai,Hyderabad,10792,1h 15m,2026-04-20
Air India,Hyderabad,Chennai,13430,3h 30m,2026-04-14
GoAir,Bangalore,Mumbai,14459,5h 30m,2026-04-18
SpiceJet,Hyderabad,Bangalore,5379,2h 45m,2026-04-24
SpiceJet,New Delhi,Mumbai,3948,1h 45m,2026-04-14
SpiceJet,Bangalore,Chennai,4416,1h 45m,2026-04-17
IndiGo,Chennai,Hyderabad,13590,4h 30m,2026-04-17
Air India,Bangalore,Chennai,6204,1h 0m,2026-04-17
IndiGo,Kolkata,New Delhi,5272,3h 15m,2026-04-15
IndiGo,Chennai,Kolkata,3207,2h 15m,2026-04-16
Air India,Chennai,Mumbai,9378,4h 30m,2026-04-22
SpiceJet,Kolkata,Mumbai,6370,5h 0m,2026-04-17
IndiGo,Chennai,Kolkata,3697,4h 30m,2026-04-21
GoAir,Chennai,Bangalore,6164,4h 45m,2026-04-15
IndiGo,Mumbai,Chennai,13799,5h 15m,2026-04-20
Air India,Mumbai,Kolkata,14706,4h 15m,2026-04-20
Air India,Hyderabad,Kolkata,5332,3h 45m,2026-04-24
SpiceJet,Kolkata,Bangalore,5663,3h 30m,2026-04-22
GoAir,Hyderabad,Kolkata,8608,4h 30m,2026-04-24
IndiGo,Mumbai,Hyderabad,2383,1h 45m,2026-04-15
Vistara,Bangalore,Chennai,3438,4h 45m,2026-04-15
IndiGo,Chennai,Kolkata,14361,3h 0m,2026-04-24
IndiGo,Chennai,Kolkata,13863,4h 45m,2026-04-14
GoAir,Bangalore,Hyderabad,9040,4h 15m,2026-04-24
IndiGo,Hyderabad,Chennai,9132,5h 15m,2026-04-20
SpiceJet,Chennai,Hyderabad,4407,4h 0m,2026-04-20
SpiceJet,Hyderabad,Bangalore,7347,1h 30m,2026-04-19
Vistara,New Delhi,Chennai,14286,3h 45m,2026-04-15
Vistara,Mumbai,New Delhi,12137,5h 0m,2026-04-20
Vistara,New Delhi,Chennai,14919,1h 15m,2026-04-20
IndiGo,Mumbai,New Delhi,6685,4h 15m,2026-04-24
GoAir,New Delhi,Hyderabad,12066,4h 15m,2026-04-23
SpiceJet,New Delhi,Kolkata,8188,5h 15m,2026-04-20
Air India,Kolkata,Chennai,3839,4h 30m,2026-04-23
IndiGo,Chennai,New Delhi,6158,2h 15m,2026-04-16
GoAir,Mumbai,Chennai,2872,4h 45m,2026-04-16
GoAir,Chennai,Hyderabad,4888,2h 0m,2026-04-22
Air India,Mumbai,Chennai,4583,2h 30m,2026-04-16
IndiGo,New Delhi,Mumbai,14949,2h 15m,2026-04-15
Vistara,Hyderabad,Bangalore,8908,3h 45m,2026-04-18
GoAir,Kolkata,Mumbai,3803,4h 30m,2026-04-21
Vistara,New Delhi,Chennai,2055,3h 30m,2026-04-21
SpiceJet,Kolkata,Hyderabad,6760,5h 0m,2026-04-16
SpiceJet,New Delhi,Chennai,7005,1h 0m,2026-04-16
Vistara,New Delhi,Hyderabad,2141,4h 15m,2026-04-19
SpiceJet,Kolkata,Chennai,9849,3h 15m,2026-04-14
Air India,Hyderabad,Mumbai,11136,4h 30m,2026-04-23
Air India,Bangalore,Hyderabad,8346,1h 45m,2026-04-21
Vistara,Chennai,Bangalore,5524,4h 45m,2026-04-20
Vistara,Kolkata,Mumbai,6572,3h 15m,2026-04-14
Vistara,New Delhi,Kolkata,14606,2h 30m,2026-04-19
GoAir,Bangalore,Hyderabad,9122,1h 0m,2026-04-22
SpiceJet,Chennai,Kolkata,8313,1h 45m,2026-04-18
IndiGo,Kolkata,Bangalore,6437,1h 15m,2026-04-22
Vistara,Kolkata,Hyderabad,7756,3h 45m,2026-04-24
IndiGo,Mumbai,Kolkata,7299,2h 30m,2026-04-24
Vistara,Kolkata,Mumbai,10133,4h 0m,2026-04-19
GoAir,New Delhi,Mumbai,5198,2h 30m,2026-04-20
Vistara,Bangalore,Hyderabad,3203,5h 45m,2026-04-23
SpiceJet,Hyderabad,Kolkata,2302,2h 0m,2026-04-18
SpiceJet,Bangalore,Hyderabad,4233,4h 45m,2026-04-18
Air India,New Delhi,Hyderabad,14374,2h 15m,2026-04-15
IndiGo,Chennai,Kolkata,6160,4h 15m,2026-04-22
Vistara,Hyderabad,Mumbai,5270,2h 45m,2026-04-19
SpiceJet,New Delhi,Hyderabad,10200,2h 45m,2026-04-16
SpiceJet,Hyderabad,Bangalore,13413,5h 45m,2026-04-18
GoAir,Kolkata,New Delhi,3806,4h 30m,2026-04-20
Air India,Chennai,Bangalore,5811,1h 15m,2026-04-17
IndiGo,New Delhi,Kolkata,3002,2h 45m,2026-04-21
IndiGo,Hyderabad,Mumbai,12370,1h 0m,2026-04-22
Vistara,Bangalore,Hyderabad,7917,4h 30m,2026-04-19
Vistara,Hyderabad,New Delhi,8427,4h 15m,2026-04-18
SpiceJet,New Delhi,Bangalore,3243,1h 15m,2026-04-15
IndiGo,New Delhi,Mumbai,10356,1h 0m,2026-04-18
GoAir,Bangalore,Kolkata,2288,5h 45m,2026-04-21
IndiGo,Kolkata,Hyderabad,12862,3h 45m,2026-04-19
Air India,Bangalore,Kolkata,14990,3h 15m,2026-04-24
IndiGo,Kolkata,Bangalore,3539,5h 0m,2026-04-19
Vistara,New Delhi,Chennai,6238,4h 30m,2026-04-23
SpiceJet,Mumbai,Bangalore,12132,4h 45m,2026-04-14
GoAir,Hyderabad,Bangalore,4958,4h 0m,2026-04-16
Vistara,Bangalore,Hyderabad,7141,4h 15m,2026-04-24
GoAir,Bangalore,Hyderabad,12190,2h 30m,2026-04-23
SpiceJet,Kolkata,New Delhi,7021,3h 30m,2026-04-20
SpiceJet,Hyderabad,Chennai,3196,1h 30m,2026-04-20
Vistara,New Delhi,Bangalore,14811,5h 30m,2026-04-15
Air India,Hyderabad,Chennai,12628,5h 30m,2026-04-14
Vistara,Kolkata,Hyderabad,9272,3h 15m,2026-04-18
Vistara,New Delhi,Bangalore,5773,4h 0m,2026-04-19
Air India,Chennai,Kolkata,13738,2h 0m,2026-04-14
Vistara,Chennai,Mumbai,6750,5h 45m,2026-04-16
Air India,Hyderabad,Chennai,13800,3h 45m,2026-04-17
IndiGo,Mumbai,New Delhi,12767,4h 15m,2026-04-21
IndiGo,Kolkata,Chennai,11036,3h 30m,2026-04-23
IndiGo,Bangalore,Chennai,13187,4h 30m,2026-04-22
Air India,Bangalore,New Delhi,9943,2h 30m,2026-04-14
GoAir,Kolkata,Hyderabad,8125,3h 0m,2026-04-19
Air India,New Delhi,Mumbai,14230,2h 45m,2026-04-24
IndiGo,Mumbai,Bangalore,5407,4h 30m,2026-04-22
GoAir,Mumbai,Kolkata,14833,4h 30m,2026-04-24
GoAir,Bangalore,New Delhi,3406,5h 15m,2026-04-15
GoAir,Hyderabad,Chennai,9264,4h 0m,2026-04-21
Air India,Hyderabad,Chennai,2267,2h 45m,2026-04-18
IndiGo,Mumbai,Bangalore,10291,4h 15m,2026-04-15
IndiGo,Mumbai,Kolkata,7145,3h 15m,2026-04-18
GoAir,Mumbai,Hyderabad,8565,2h 45m,2026-04-23
Vistara,Hyderabad,Kolkata,12886,1h 30m,2026-04-22
GoAir,New Delhi,Kolkata,7920,5h 15m,2026-04-22
GoAir,Hyderabad,Bangalore,2368,2h 15m,2026-04-20
GoAir,Hyderabad,Chennai,7076,3h 0m,2026-04-17
GoAir,Chennai,Bangalore,13147,3h 45m,2026-04-24
Air India,Mumbai,Hyderabad,12118,2h 45m,2026-04-15
Air India,Mumbai,Bangalore,10720,2h 15m,2026-04-21
Air India,Hyderabad,Chennai,9073,5h 0m,2026-04-17
IndiGo,New Delhi,Kolkata,4628,2h 30m,2026-04-18
SpiceJet,Bangalore,Kolkata,11958,2h 15m,2026-04-19
Air India,Bangalore,Hyderabad,11177,1h 0m,2026-04-22
SpiceJet,Hyderabad,Kolkata,8862,2h 45m,2026-04-18
Vistara,Mumbai,Chennai,13207,1h 15m,2026-04-20
GoAir,Kolkata,Bangalore,4303,4h 0m,2026-04-21
GoAir,New Delhi,Hyderabad,14967,5h 15m,2026-04-24
GoAir,Mumbai,Hyderabad,10784,2h 15m,2026-04-21
Vistara,Bangalore,Kolkata,2368,1h 15m,2026-04-22
GoAir,Kolkata,Hyderabad,12666,2h 0m,2026-04-20
IndiGo,Chennai,Mumbai,10392,3h 30m,2026-04-24
Vistara,Kolkata,Hyderabad,10968,3h 0m,2026-04-19
GoAir,Mumbai,Chennai,10665,5h 15m,2026-04-22
IndiGo,Bangalore,Mumbai,9806,2h 0m,2026-04-24
Vistara,Bangalore,Chennai,4947,4h 15m,2026-04-18
GoAir,Chennai,Mumbai,3520,4h 45m,2026-04-15
Vistara,New Delhi,Kolkata,6047,3h 0m,2026-04-15
Air India,Hyderabad,Kolkata,12287,1h 45m,2026-04-18
Vistara,Chennai,New Delhi,12316,3h 30m,2026-04-15
Vistara,Chennai,New Delhi,12490,5h 30m,2026-04-15
GoAir,Bangalore,Hyderabad,3514,1h 45m,2026-04-23
IndiGo,Mumbai,Hyderabad,9424,5h 15m,2026-04-22
GoAir,Mumbai,Chennai,14617,4h 0m,2026-04-15
GoAir,Chennai,Kolkata,6239,4h 15m,2026-04-21
Air India,Kolkata,Hyderabad,4821,4h 0m,2026-04-21
IndiGo,New Delhi,Hyderabad,7965,2h 0m,2026-04-17
Vistara,Chennai,New Delhi,8785,5h 45m,2026-04-18
IndiGo,New Delhi,Kolkata,13950,4h 30m,2026-04-24
GoAir,Chennai,Mumbai,11321,4h 0m,2026-04-14
IndiGo,Hyderabad,Kolkata,7861,3h 0m,2026-04-15
Vistara,Chennai,Kolkata,11372,3h 15m,2026-04-18
SpiceJet,Hyderabad,New Delhi,8521,5h 45m,2026-04-16
IndiGo,Hyderabad,Chennai,14390,3h 15m,2026-04-20
GoAir,Kolkata,Mumbai,5451,3h 45m,2026-04-21
Vistara,New Delhi,Kolkata,7054,1h 30m,2026-04-24
Vistara,New Delhi,Kolkata,4358,3h 0m,2026-04-15
Air India,Bangalore,Hyderabad,14973,4h 15m,2026-04-24
Vistara,Hyderabad,Kolkata,6663,5h 45m,2026-04-16
Air India,Mumbai,Bangalore,2520,5h 30m,2026-04-19
Air India,Chennai,Hyderabad,14775,5h 0m,2026-04-23
Air India,Mumbai,Chennai,7814,4h 0m,2026-04-20
GoAir,Hyderabad,New Delhi,7167,2h 15m,2026-04-17
IndiGo,Bangalore,Hyderabad,8548,5h 0m,2026-04-16
GoAir,Bangalore,New Delhi,2135,5h 30m,2026-04-16
Air India,New Delhi,Kolkata,14355,3h 30m,2026-04-22
Vistara,Bangalore,Kolkata,7793,4h 30m,2026-04-19
SpiceJet,New Delhi,Mumbai,5305,3h 45m,2026-04-14
SpiceJet,Bangalore,Chennai,12054,5h 45m,2026-04-16
GoAir,Bangalore,New Delhi,12955,3h 15m,2026-04-23
SpiceJet,Chennai,Kolkata,5926,3h 15m,2026-04-17
IndiGo,Hyderabad,New Delhi,5781,3h 0m,2026-04-14
IndiGo,Bangalore,Mumbai,10405,3h 15m,2026-04-16
SpiceJet,New Delhi,Chennai,2518,5h 30m,2026-04-22
GoAir,Chennai,New Delhi,2867,2h 15m,2026-04-15
IndiGo,Chennai,Mumbai,14123,1h 30m,2026-04-19
IndiGo,Bangalore,Hyderabad,5166,3h 0m,2026-04-21
Vistara,Bangalore,Chennai,12955,1h 30m,2026-04-17
Vistara,Kolkata,Chennai,8561,4h 45m,2026-04-23
GoAir,Kolkata,Mumbai,14201,4h 45m,2026-04-23
Air India,Bangalore,Hyderabad,7723,3h 0m,2026-04-18
GoAir,Chennai,Kolkata,9306,5h 15m,2026-04-15
IndiGo,New Delhi,Hyderabad,4413,2h 45m,2026-04-14
GoAir,Bangalore,Mumbai,2951,2h 0m,2026-04-21
SpiceJet,New Delhi,Mumbai,2851,4h 30m,2026-04-18
IndiGo,New Delhi,Bangalore,10545,5h 0m,2026-04-23
SpiceJet,Chennai,Hyderabad,10825,2h 0m,2026-04-18
Vistara,Kolkata,Mumbai,13428,1h 45m,2026-04-15
SpiceJet,Hyderabad,New Delhi,11253,1h 0m,2026-04-21
GoAir,Chennai,Mumbai,2625,2h 0m,2026-04-21
Vistara,Bangalore,Chennai,5503,1h 15m,2026-04-24
Vistara,Hyderabad,Kolkata,5773,4h 45m,2026-04-21
SpiceJet,New Delhi,Mumbai,13528,5h 30m,2026-04-20
Air India,Chennai,Kolkata,9933,4h 45m,2026-04-23
Vistara,New Delhi,Chennai,11934,1h 15m,2026-04-21
GoAir,Kolkata,Chennai,3084,3h 15m,2026-04-15
Air India,Kolkata,Mumbai,4666,1h 15m,2026-04-17
GoAir,Hyderabad,Chennai,14672,4h 15m,2026-04-14
IndiGo,Kolkata,New Delhi,14279,2h 45m,2026-04-23
IndiGo,Mumbai,Chennai,5140,4h 30m,2026-04-14
IndiGo,Bangalore,Hyderabad,10877,5h 15m,2026-04-14
SpiceJet,New Delhi,Bangalore,6502,2h 15m,2026-04-14
SpiceJet,New Delhi,Mumbai,14917,4h 0m,2026-04-20
SpiceJet,Chennai,New Delhi,14680,2h 0m,2026-04-23
GoAir,Chennai,Mumbai,8595,2h 0m,2026-04-24
GoAir,Hyderabad,New Delhi,12787,4h 30m,2026-04-21
Vistara,Bangalore,Chennai,7520,3h 45m,2026-04-14
SpiceJet,Bangalore,Kolkata,4703,4h 45m,2026-04-19
Air India,Chennai,Kolkata,11043,3h 0m,2026-04-15
Vistara,Bangalore,Kolkata,12207,2h 15m,2026-04-17
Air India,Kolkata,Chennai,2125,4h 45m,2026-04-21
SpiceJet,Mumbai,Bangalore,10976,5h 0m,2026-04-20
Air India,Hyderabad,Kolkata,14383,5h 30m,2026-04-18
SpiceJet,Chennai,New Delhi,4850,4h 15m,2026-04-18
Vistara,Chennai,Kolkata,11785,5h 0m,2026-04-17
Air India,Bangalore,Mumbai,5611,1h 45m,2026-04-14
GoAir,Bangalore,Mumbai,14553,4h 45m,2026-04-17
IndiGo,Mumbai,New Delhi,5811,4h 30m,2026-04-18
SpiceJet,Chennai,Kolkata,8466,2h 45m,2026-04-14
IndiGo,Bangalore,New Delhi,2751,1h 45m,2026-04-21
GoAir,Hyderabad,Kolkata,12114,5h 0m,2026-04-18
IndiGo,Hyderabad,Bangalore,12543,1h 45m,2026-04-22
IndiGo,Mumbai,Chennai,6793,4h 15m,2026-04-18
Air India,Bangalore,New Delhi,12636,4h 15m,2026-04-19
GoAir,New Delhi,Kolkata,8930,4h 0m,2026-04-24
IndiGo,Hyderabad,Bangalore,14799,1h 0m,2026-04-21
GoAir,New Delhi,Hyderabad,10427,1h 15m,2026-04-14
GoAir,Mumbai,Chennai,13682,5h 0m,2026-04-22
GoAir,Chennai,New Delhi,6288,2h 15m,2026-04-17
IndiGo,Chennai,New Delhi,2729,2h 15m,2026-04-20
GoAir,Chennai,New Delhi,2159,1h 15m,2026-04-22
Air India,New Delhi,Hyderabad,11403,4h 30m,2026-04-20
Vistara,Kolkata,Mumbai,9623,5h 15m,2026-04-17
Vistara,New Delhi,Chennai,3647,5h 30m,2026-04-19
SpiceJet,New Delhi,Kolkata,8099,2h 30m,2026-04-22
SpiceJet,Chennai,Kolkata,3413,1h 0m,2026-04-14
Air India,Chennai,Mumbai,3937,1h 30m,2026-04-14
GoAir,Chennai,Bangalore,5728,5h 0m,2026-04-20
Vistara,Chennai,Kolkata,6192,5h 15m,2026-04-14
Vistara,Hyderabad,New Delhi,3585,4h 30m,2026-04-23
GoAir,Bangalore,Mumbai,11914,1h 15m,2026-04-15
SpiceJet,Hyderabad,Chennai,8829,3h 45m,2026-04-23
IndiGo,Kolkata,Hyderabad,10582,3h 30m,2026-04-23
IndiGo,New Delhi,Hyderabad,5038,5h 0m,2026-04-18
IndiGo,Chennai,Bangalore,10120,4h 30m,2026-04-22
SpiceJet,Mumbai,Hyderabad,12361,2h 15m,2026-04-15
SpiceJet,Mumbai,Hyderabad,2823,2h 30m,2026-04-24
Air India,Chennai,Kolkata,2284,4h 30m,2026-04-24
IndiGo,Bangalore,Hyderabad,4760,4h 45m,2026-04-21
IndiGo,Mumbai,Bangalore,2140,5h 45m,2026-04-23
GoAir,Kolkata,New Delhi,4217,1h 30m,2026-04-16
Air India,New Delhi,Chennai,3814,5h 45m,2026-04-17
GoAir,Mumbai,Kolkata,12281,4h 30m,2026-04-18
Air India,Mumbai,Bangalore,4746,2h 30m,2026-04-14
SpiceJet,Mumbai,New Delhi,7428,4h 30m,2026-04-19
GoAir,Mumbai,Bangalore,8387,2h 30m,2026-04-16
IndiGo,Chennai,New Delhi,9664,4h 45m,2026-04-24
Air India,Chennai,Kolkata,6341,5h 30m,2026-04-19
IndiGo,Mumbai,Bangalore,7954,3h 0m,2026-04-17
Vistara,Hyderabad,Bangalore,8428,3h 45m,2026-04-23
IndiGo,Kolkata,Chennai,10486,4h 30m,2026-04-15
GoAir,Kolkata,Chennai,7818,5h 0m,2026-04-17
Air India,Hyderabad,Chennai,14125,1h 45m,2026-04-15
IndiGo,New Delhi,Chennai,14982,5h 30m,2026-04-22
SpiceJet,Bangalore,New Delhi,9951,1h 0m,2026-04-24
SpiceJet,Hyderabad,Kolkata,10827,3h 0m,2026-04-19
GoAir,Bangalore,Chennai,13744,3h 0m,2026-04-18
Air India,Chennai,Bangalore,8060,1h 0m,2026-04-22
IndiGo,Bangalore,Mumbai,10636,1h 45m,2026-04-17
GoAir,Kolkata,Chennai,5424,3h 45m,2026-04-19
GoAir,Chennai,Hyderabad,6811,5h 30m,2026-04-22
SpiceJet,Bangalore,Mumbai,8372,2h 30m,2026-04-21
Vistara,Bangalore,Kolkata,8047,4h 30m,2026-04-21
GoAir,Mumbai,New Delhi,4325,5h 45m,2026-04-19
Vistara,Chennai,Mumbai,14999,3h 30m,2026-04-14
Vistara,Mumbai,Bangalore,8149,3h 30m,2026-04-21
SpiceJet,Chennai,Kolkata,13946,4h 15m,2026-04-23
Vistara,Bangalore,New Delhi,6926,4h 45m,2026-04-19
IndiGo,Chennai,Bangalore,13371,1h 0m,2026-04-20
IndiGo,New Delhi,Hyderabad,3697,1h 0m,2026-04-24
GoAir,Chennai,Bangalore,14186,5h 30m,2026-04-15
SpiceJet,Chennai,Bangalore,7730,2h 0m,2026-04-15
IndiGo,New Delhi,Hyderabad,6407,3h 45m,2026-04-16
Air India,New Delhi,Hyderabad,6139,2h 45m,2026-04-15
Air India,Bangalore,Hyderabad,8327,4h 15m,2026-04-24
Air India,Mumbai,Chennai,7950,1h 30m,2026-04-21
Vistara,New Delhi,Mumbai,10752,1h 45m,2026-04-19
SpiceJet,New Delhi,Mumbai,11504,1h 15m,2026-04-18
Air India,New Delhi,Mumbai,8042,1h 45m,2026-04-21
GoAir,Mumbai,Bangalore,4980,5h 45m,2026-04-18
Air India,Mumbai,Bangalore,12209,3h 30m,2026-04-23
IndiGo,New Delhi,Chennai,11772,3h 0m,2026-04-24
Vistara,Bangalore,Hyderabad,2382,4h 0m,2026-04-20
IndiGo,Kolkata,Bangalore,6189,1h 15m,2026-04-24
IndiGo,Kolkata,Hyderabad,8192,1h 45m,2026-04-16
Vistara,New Delhi,Chennai,9870,5h 15m,2026-04-16
Air India,Hyderabad,Mumbai,8871,1h 30m,2026-04-24
Vistara,Bangalore,Mumbai,13036,3h 30m,2026-04-16
GoAir,Hyderabad,Mumbai,4926,5h 45m,2026-04-18
Air India,Hyderabad,Chennai,8475,3h 15m,2026-04-22
GoAir,New Delhi,Mumbai,8468,2h 0m,2026-04-22
Vistara,Mumbai,Chennai,14797,3h 0m,2026-04-17
GoAir,Kolkata,Bangalore,9294,1h 15m,2026-04-19
Vistara,Hyderabad,Chennai,9004,4h 0m,2026-04-15
SpiceJet,Bangalore,New Delhi,2686,2h 45m,2026-04-21
GoAir,Kolkata,Mumbai,4490,3h 45m,2026-04-14
SpiceJet,Bangalore,Hyderabad,11288,5h 45m,2026-04-24
Vistara,Mumbai,Chennai,9867,1h 0m,2026-04-16
GoAir,Hyderabad,Kolkata,5555,1h 45m,2026-04-18
GoAir,New Delhi,Chennai,11336,5h 15m,2026-04-23
Air India,New Delhi,Kolkata,8698,2h 45m,2026-04-14
Air India,Mumbai,New Delhi,14736,1h 0m,2026-04-18
GoAir,Mumbai,Chennai,4399,4h 30m,2026-04-20
Vistara,Bangalore,Kolkata,13752,3h 0m,2026-04-17
IndiGo,New Delhi,Chennai,9878,4h 0m,2026-04-17
SpiceJet,Bangalore,Hyderabad,11892,4h 30m,2026-04-19
GoAir,Mumbai,Chennai,6669,3h 30m,2026-04-24
GoAir,Mumbai,Bangalore,3237,1h 30m,2026-04-14
Air India,Mumbai,New Delhi,5856,4h 0m,2026-04-14
GoAir,New Delhi,Mumbai,4696,1h 30m,2026-04-17
Vistara,Chennai,Hyderabad,5570,1h 45m,2026-04-18
Air India,Kolkata,Hyderabad,3402,2h 30m,2026-04-24
Vistara,New Delhi,Bangalore,12597,4h 45m,2026-04-15
Air India,Hyderabad,New Delhi,7018,5h 15m,2026-04-14
GoAir,Kolkata,Chennai,13592,2h 15m,2026-04-24
SpiceJet,New Delhi,Kolkata,4150,5h 15m,2026-04-24
Air India,Mumbai,New Delhi,5838,3h 30m,2026-04-24
Air India,New Delhi,Bangalore,14235,2h 15m,2026-04-21
GoAir,Chennai,Mumbai,2579,5h 45m,2026-04-14
SpiceJet,Kolkata,Hyderabad,2682,3h 30m,2026-04-16
SpiceJet,Bangalore,New Delhi,11004,5h 15m,2026-04-20
SpiceJet,Hyderabad,Chennai,7028,4h 30m,2026-04-19
Vistara,Mumbai,Chennai,10269,3h 15m,2026-04-23
Vistara,Bangalore,New Delhi,10059,1h 45m,2026-04-15
Air India,Chennai,Kolkata,13874,4h 15m,2026-04-19
Air India,Hyderabad,Kolkata,8481,5h 30m,2026-04-15
SpiceJet,Chennai,Hyderabad,3907,2h 15m,2026-04-18
Air India,Bangalore,Hyderabad,3809,1h 45m,2026-04-19
Vistara,New Delhi,Hyderabad,2710,3h 30m,2026-04-22
IndiGo,Bangalore,Hyderabad,2466,1h 15m,2026-04-22
Vistara,New Delhi,Bangalore,3867,2h 0m,2026-04-24
IndiGo,New Delhi,Hyderabad,2049,5h 0m,2026-04-19
Vistara,Bangalore,New Delhi,10561,4h 15m,2026-04-20
GoAir,Mumbai,Hyderabad,6882,4h 30m,2026-04-16
IndiGo,New Delhi,Kolkata,12955,3h 45m,2026-04-19
Air India,New Delhi,Bangalore,10204,5h 0m,2026-04-19
Air India,Bangalore,Hyderabad,13889,1h 0m,2026-04-23
SpiceJet,Chennai,Mumbai,10465,3h 15m,2026-04-17
IndiGo,Bangalore,Mumbai,14948,2h 45m,2026-04-14
GoAir,Kolkata,New Delhi,14823,2h 0m,2026-04-20
GoAir,Kolkata,Mumbai,12720,1h 30m,2026-04-23
Vistara,Chennai,Mumbai,3552,3h 30m,2026-04-24
SpiceJet,Chennai,New Delhi,13847,2h 15m,2026-04-23
GoAir,New Delhi,Hyderabad,5576,3h 45m,2026-04-15
IndiGo,Kolkata,Chennai,10135,3h 30m,2026-04-18
SpiceJet,Chennai,Bangalore,12921,1h 0m,2026-04-16
Vistara,Chennai,New Delhi,8942,3h 45m,2026-04-16
SpiceJet,Mumbai,Kolkata,5013,3h 15m,2026-04-19
Vistara,Kolkata,Chennai,4768,2h 15m,2026-04-17
IndiGo,Bangalore,Hyderabad,5828,4h 30m,2026-04-17
IndiGo,Mumbai,Chennai,9681,1h 0m,2026-04-24
Air India,New Delhi,Mumbai,10047,1h 45m,2026-04-18
GoAir,Hyderabad,New Delhi,5863,2h 0m,2026-04-19
GoAir,Mumbai,Bangalore,11903,1h 15m,2026-04-21
GoAir,Chennai,Bangalore,5282,5h 45m,2026-04-15
GoAir,New Delhi,Mumbai,2922,1h 0m,2026-04-24
SpiceJet,Chennai,Bangalore,8660,1h 45m,2026-04-24
IndiGo,Mumbai,New Delhi,12760,5h 15m,2026-04-20
SpiceJet,Bangalore,Hyderabad,12385,4h 15m,2026-04-15
Vistara,Bangalore,Kolkata,8352,5h 45m,2026-04-23
IndiGo,Bangalore,Kolkata,4235,3h 15m,2026-04-23
IndiGo,Bangalore,New Delhi,3926,2h 30m,2026-04-18
GoAir,Kolkata,New Delhi,14593,4h 45m,2026-04-14
Vistara,New Delhi,Bangalore,2510,4h 15m,2026-04-23
Vistara,New Delhi,Mumbai,13542,5h 30m,2026-04-21
GoAir,Hyderabad,Mumbai,11705,2h 0m,2026-04-15
SpiceJet,Chennai,Kolkata,12373,5h 30m,2026-04-22
Vistara,Mumbai,Chennai,6024,4h 0m,2026-04-18
SpiceJet,Hyderabad,Chennai,2053,4h 15m,2026-04-18
Air India,Bangalore,Mumbai,4628,1h 45m,2026-04-19
Vistara,Hyderabad,Chennai,10123,2h 45m,2026-04-23
IndiGo,Mumbai,New Delhi,4873,2h 30m,2026-04-24
SpiceJet,Hyderabad,Mumbai,2131,2h 0m,2026-04-21
SpiceJet,Kolkata,Mumbai,5040,5h 30m,2026-04-24
Vistara,Hyderabad,Chennai,10157,3h 15m,2026-04-15
Vistara,Mumbai,Bangalore,6235,5h 30m,2026-04-23
GoAir,New Delhi,Hyderabad,14830,5h 30m,2026-04-16
IndiGo,Bangalore,Mumbai,7620,5h 45m,2026-04-14
Vistara,Chennai,Bangalore,12097,3h 15m,2026-04-18
Air India,Hyderabad,Mumbai,14204,2h 15m,2026-04-21
GoAir,Mumbai,Kolkata,2136,3h 30m,2026-04-19
GoAir,Hyderabad,Bangalore,3134,2h 45m,2026-04-22
SpiceJet,New Delhi,Mumbai,9172,5h 15m,2026-04-14
IndiGo,Mumbai,Chennai,2359,2h 30m,2026-04-21
Vistara,Hyderabad,Mumbai,3128,1h 0m,2026-04-21
GoAir,Mumbai,New Delhi,13953,4h 45m,2026-04-15
SpiceJet,Bangalore,New Delhi,12138,4h 15m,2026-04-23
Vistara,Chennai,Bangalore,8941,2h 15m,2026-04-24
Air India,Mumbai,Hyderabad,10043,5h 0m,2026-04-14
SpiceJet,Bangalore,Kolkata,10270,1h 15m,2026-04-17
Air India,Chennai,New Delhi,14961,2h 30m,2026-04-15
SpiceJet,Hyderabad,Chennai,3926,3h 0m,2026-04-24
Vistara,Bangalore,Mumbai,6253,2h 30m,2026-04-23
Air India,Bangalore,Kolkata,11653,1h 45m,2026-04-14
Vistara,Bangalore,Mumbai,5611,3h 0m,2026-04-23
SpiceJet,Kolkata,Hyderabad,4350,1h 0m,2026-04-16
Vistara,Kolkata,Mumbai,6882,3h 45m,2026-04-24
GoAir,Hyderabad,Mumbai,9964,2h 15m,2026-04-23
Vistara,Hyderabad,Kolkata,9375,5h 45m,2026-04-17
IndiGo,New Delhi,Hyderabad,5208,2h 15m,2026-04-20
Vistara,Kolkata,Chennai,7489,2h 30m,2026-04-18
Vistara,Chennai,Bangalore,4980,4h 15m,2026-04-23
SpiceJet,Bangalore,Chennai,10733,1h 30m,2026-04-15
SpiceJet,Mumbai,Hyderabad,14926,4h 45m,2026-04-18
GoAir,Chennai,Hyderabad,13732,5h 45m,2026-04-18
GoAir,Chennai,Bangalore,14481,4h 45m,2026-04-23
Vistara,Hyderabad,Chennai,4197,1h 30m,2026-04-19
Air India,Mumbai,Hyderabad,9187,1h 0m,2026-04-15
SpiceJet,New Delhi,Kolkata,10610,2h 30m,2026-04-23
GoAir,Chennai,Bangalore,10584,2h 15m,2026-04-21
Vistara,Hyderabad,New Delhi,9934,1h 45m,2026-04-23
Air India,Kolkata,Hyderabad,2882,1h 30m,2026-04-17
SpiceJet,Chennai,Mumbai,7243,3h 45m,2026-04-16
Air India,Chennai,Hyderabad,4617,1h 45m,2026-04-14
IndiGo,Hyderabad,Mumbai,11001,2h 0m,2026-04-23
IndiGo,Bangalore,New Delhi,2785,3h 30m,2026-04-18
SpiceJet,Mumbai,Bangalore,4919,4h 30m,2026-04-14
Air India,New Delhi,Bangalore,6454,4h 0m,2026-04-16
SpiceJet,New Delhi,Hyderabad,14085,3h 15m,2026-04-17
Vistara,Kolkata,Chennai,9784,3h 45m,2026-04-22
SpiceJet,Chennai,Bangalore,8108,4h 15m,2026-04-19
Air India,Hyderabad,Mumbai,6915,4h 30m,2026-04-21
IndiGo,Chennai,New Delhi,8892,3h 15m,2026-04-20
Air India,Hyderabad,Kolkata,2084,5h 45m,2026-04-23
GoAir,Mumbai,New Delhi,2879,1h 0m,2026-04-20
Air India,Kolkata,Chennai,11082,4h 15m,2026-04-17
IndiGo,New Delhi,Kolkata,11657,1h 0m,2026-04-18
SpiceJet,Chennai,Mumbai,7906,1h 15m,2026-04-14
Air India,Bangalore,Hyderabad,9913,5h 30m,2026-04-16
SpiceJet,Kolkata,New Delhi,8028,4h 30m,2026-04-16
Air India,New Delhi,Bangalore,7318,5h 45m,2026-04-19
GoAir,Hyderabad,Kolkata,14620,2h 0m,2026-04-22
Air India,Chennai,Hyderabad,7350,3h 45m,2026-04-18
Vistara,New Delhi,Mumbai,14553,3h 30m,2026-04-18
Vistara,Hyderabad,Bangalore,14929,3h 30m,2026-04-21
Vistara,Kolkata,Bangalore,13289,1h 15m,2026-04-21
SpiceJet,Chennai,Bangalore,11168,4h 45m,2026-04-17
IndiGo,New Delhi,Bangalore,14215,1h 30m,2026-04-15
GoAir,Bangalore,Kolkata,8304,2h 45m,2026-04-16
SpiceJet,Chennai,Kolkata,3343,1h 30m,2026-04-22
IndiGo,Chennai,Mumbai,7786,3h 30m,2026-04-17
Air India,New Delhi,Chennai,10413,2h 0m,2026-04-15
IndiGo,Hyderabad,Chennai,8663,3h 30m,2026-04-21
Vistara,Hyderabad,Bangalore,4161,5h 0m,2026-04-15
IndiGo,Kolkata,Mumbai,13569,1h 45m,2026-04-24
GoAir,Bangalore,Chennai,3344,2h 15m,2026-04-14
SpiceJet,New Delhi,Bangalore,4478,3h 15m,2026-04-21
SpiceJet,New Delhi,Kolkata,10856,3h 0m,2026-04-16
Air India,Hyderabad,Mumbai,9655,3h 15m,2026-04-20
IndiGo,Kolkata,Bangalore,14659,3h 0m,2026-04-15
Air India,Bangalore,Hyderabad,10842,2h 45m,2026-04-20
IndiGo,Hyderabad,Mumbai,5149,5h 15m,2026-04-14
GoAir,Hyderabad,Kolkata,11421,3h 15m,2026-04-14
Air India,Kolkata,New Delhi,9150,5h 0m,2026-04-14
GoAir,Hyderabad,New Delhi,3809,2h 15m,2026-04-22
IndiGo,New Delhi,Kolkata,5967,3h 15m,2026-04-22
GoAir,Hyderabad,New Delhi,13349,4h 30m,2026-04-22
Vistara,Bangalore,Mumbai,9968,1h 15m,2026-04-19
Vistara,New Delhi,Kolkata,13160,1h 30m,2026-04-20
GoAir,Bangalore,New Delhi,7934,2h 45m,2026-04-24
SpiceJet,Kolkata,Hyderabad,11320,2h 15m,2026-04-24
SpiceJet,Hyderabad,Mumbai,14596,1h 45m,2026-04-20
Air India,New Delhi,Bangalore,7836,3h 15m,2026-04-15
Air India,New Delhi,Bangalore,12779,1h 15m,2026-04-15
IndiGo,Mumbai,Hyderabad,14280,1h 45m,2026-04-15
GoAir,Kolkata,Bangalore,4446,1h 45m,2026-04-23
SpiceJet,Bangalore,Chennai,13457,4h 30m,2026-04-17
SpiceJet,Mumbai,Hyderabad,4286,4h 15m,2026-04-15
GoAir,Bangalore,Mumbai,3277,4h 0m,2026-04-21
IndiGo,Hyderabad,New Delhi,4868,3h 30m,2026-04-14
Vistara,Mumbai,Hyderabad,9179,1h 30m,2026-04-20
IndiGo,Kolkata,Bangalore,2375,2h 45m,2026-04-16
Vistara,Hyderabad,Bangalore,6805,2h 15m,2026-04-24
IndiGo,Kolkata,Chennai,3327,1h 0m,2026-04-22
SpiceJet,New Delhi,Hyderabad,11825,2h 45m,2026-04-21
SpiceJet,Chennai,Mumbai,14964,4h 0m,2026-04-21
SpiceJet,Bangalore,Mumbai,8821,3h 30m,2026-04-16
Vistara,Kolkata,Hyderabad,13530,4h 0m,2026-04-20
Vistara,Mumbai,Chennai,10182,4h 45m,2026-04-22
GoAir,Bangalore,Kolkata,12534,5h 15m,2026-04-24
SpiceJet,Kolkata,New Delhi,13154,3h 0m,2026-04-24
Vistara,Chennai,Mumbai,4136,5h 0m,2026-04-16
SpiceJet,Chennai,Kolkata,2651,2h 15m,2026-04-14
SpiceJet,Mumbai,Chennai,13804,4h 45m,2026-04-20
Vistara,Hyderabad,Mumbai,3708,1h 0m,2026-04-22
SpiceJet,New Delhi,Mumbai,7528,1h 45m,2026-04-15
GoAir,Chennai,Mumbai,6767,2h 0m,2026-04-18
SpiceJet,Kolkata,Bangalore,3442,2h 45m,2026-04-16
Air India,Mumbai,Chennai,7211,1h 45m,2026-04-21
Air India,Bangalore,Chennai,12183,4h 45m,2026-04-16
GoAir,Kolkata,Mumbai,2267,2h 0m,2026-04-14
SpiceJet,Mumbai,Kolkata,4038,5h 15m,2026-04-14
GoAir,Hyderabad,Bangalore,14457,2h 45m,2026-04-23
Air India,Mumbai,Chennai,2941,4h 15m,2026-04-17
SpiceJet,Mumbai,Hyderabad,11904,3h 45m,2026-04-23
Air India,Mumbai,Hyderabad,2653,2h 45m,2026-04-16
Air India,Mumbai,Bangalore,10115,2h 45m,2026-04-24
GoAir,New Delhi,Hyderabad,6555,3h 30m,2026-04-15
Air India,Chennai,Hyderabad,8842,5h 30m,2026-04-17
Vistara,Hyderabad,Kolkata,3804,4h 15m,2026-04-20
SpiceJet,Bangalore,Hyderabad,6364,5h 30m,2026-04-19
GoAir,Chennai,Bangalore,4010,4h 45m,2026-04-20
Air India,New Delhi,Kolkata,14315,3h 0m,2026-04-21
SpiceJet,Hyderabad,Kolkata,6374,1h 45m,2026-04-17
Vistara,Hyderabad,Chennai,3860,1h 30m,2026-04-19
GoAir,Hyderabad,Kolkata,4711,2h 0m,2026-04-22
GoAir,New Delhi,Mumbai,14690,5h 45m,2026-04-23
Vistara,Hyderabad,Bangalore,7159,1h 0m,2026-04-19
Air India,Mumbai,New Delhi,2367,5h 45m,2026-04-20
GoAir,Mumbai,New Delhi,7284,2h 0m,2026-04-14
Vistara,Mumbai,Hyderabad,6256,4h 0m,2026-04-22
Air India,Chennai,Kolkata,10457,5h 45m,2026-04-17
IndiGo,Mumbai,Hyderabad,9962,4h 0m,2026-04-20
SpiceJet,Chennai,Hyderabad,10179,2h 30m,2026-04-22
Air India,Mumbai,Kolkata,4217,2h 45m,2026-04-16
GoAir,Hyderabad,Bangalore,13759,2h 30m,2026-04-19
SpiceJet,Mumbai,Kolkata,13368,5h 45m,2026-04-19
GoAir,Kolkata,Chennai,12569,1h 15m,2026-04-16
Air India,Chennai,Kolkata,11233,4h 30m,2026-04-14
Vistara,Hyderabad,Bangalore,12785,1h 15m,2026-04-15
Vistara,Chennai,Bangalore,3244,1h 45m,2026-04-15
GoAir,Bangalore,Hyderabad,2054,2h 15m,2026-04-17
SpiceJet,Hyderabad,Mumbai,14405,5h 15m,2026-04-22
GoAir,Bangalore,New Delhi,9622,1h 15m,2026-04-17
IndiGo,Kolkata,New Delhi,11340,1h 45m,2026-04-23
Air India,Hyderabad,New Delhi,7002,1h 30m,2026-04-16
Air India,Mumbai,Kolkata,9652,3h 15m,2026-04-16
Vistara,Hyderabad,Bangalore,2754,2h 45m,2026-04-23
GoAir,Kolkata,New Delhi,13646,1h 0m,2026-04-17
Air India,Mumbai,Hyderabad,3303,2h 0m,2026-04-19
Vistara,Kolkata,Bangalore,5687,5h 15m,2026-04-17
SpiceJet,Mumbai,Hyderabad,5792,1h 30m,2026-04-24
Air India,Kolkata,Bangalore,4037,5h 0m,2026-04-22
IndiGo,Kolkata,New Delhi,6465,2h 15m,2026-04-20
Air India,Chennai,Hyderabad,5308,3h 45m,2026-04-16
Vistara,Mumbai,Chennai,9663,1h 15m,2026-04-21
Air India,Mumbai,Bangalore,7206,5h 15m,2026-04-23
Air India,Mumbai,New Delhi,3647,5h 0m,2026-04-21
GoAir,Hyderabad,Bangalore,14709,2h 30m,2026-04-23
Vistara,Mumbai,Hyderabad,13703,5h 30m,2026-04-24
IndiGo,New Delhi,Mumbai,10422,1h 30m,2026-04-23
SpiceJet,Hyderabad,Mumbai,10129,2h 15m,2026-04-22
Vistara,Hyderabad,Mumbai,3297,3h 15m,2026-04-22
GoAir,Kolkata,Chennai,12419,5h 45m,2026-04-14
Vistara,Mumbai,Chennai,12763,5h 15m,2026-04-24
SpiceJet,Mumbai,Bangalore,4732,3h 0m,2026-04-23
GoAir,Mumbai,Chennai,13982,2h 0m,2026-04-19
Vistara,New Delhi,Kolkata,14262,1h 30m,2026-04-22
IndiGo,New Delhi,Bangalore,5742,4h 30m,2026-04-22
SpiceJet,Bangalore,Kolkata,11212,3h 30m,2026-04-18
Vistara,Hyderabad,Kolkata,2279,3h 15m,2026-04-18
GoAir,Hyderabad,Kolkata,8872,4h 45m,2026-04-14
Air India,Hyderabad,Bangalore,14086,5h 0m,2026-04-16
IndiGo,Chennai,Kolkata,2696,5h 15m,2026-04-17
IndiGo,New Delhi,Kolkata,9621,2h 45m,2026-04-15
Air India,Bangalore,Mumbai,12464,1h 45m,2026-04-20
SpiceJet,Hyderabad,Kolkata,6775,2h 30m,2026-04-14
Air India,Bangalore,Hyderabad,11730,3h 30m,2026-04-20
SpiceJet,Chennai,Hyderabad,11430,3h 45m,2026-04-15
IndiGo,Mumbai,Chennai,3490,5h 30m,2026-04-24
GoAir,Hyderabad,New Delhi,11657,4h 30m,2026-04-20
GoAir,Kolkata,Chennai,10121,1h 15m,2026-04-14
GoAir,Kolkata,Hyderabad,8232,4h 0m,2026-04-15
Air India,New Delhi,Bangalore,4356,1h 15m,2026-04-22
GoAir,New Delhi,Hyderabad,8462,2h 30m,2026-04-24
Air India,Hyderabad,Chennai,7059,3h 15m,2026-04-15
IndiGo,Kolkata,Hyderabad,14657,4h 15m,2026-04-19
GoAir,New Delhi,Kolkata,5439,3h 0m,2026-04-14
Vistara,Mumbai,New Delhi,2348,4h 30m,2026-04-17
GoAir,Bangalore,Kolkata,14337,2h 30m,2026-04-23
Vistara,Bangalore,Mumbai,7953,2h 15m,2026-04-22
IndiGo,Chennai,New Delhi,13258,5h 0m,2026-04-16
Vistara,Bangalore,Kolkata,10819,4h 30m,2026-04-19
GoAir,New Delhi,Mumbai,12463,1h 0m,2026-04-16
GoAir,New Delhi,Kolkata,3707,2h 15m,2026-04-22
IndiGo,Bangalore,Mumbai,10412,5h 45m,2026-04-15
SpiceJet,Hyderabad,New Delhi,3275,3h 15m,2026-04-17
GoAir,Chennai,Hyderabad,9903,5h 15m,2026-04-24
SpiceJet,Hyderabad,Kolkata,6427,2h 0m,2026-04-19
Vistara,Hyderabad,Bangalore,3561,4h 45m,2026-04-24
GoAir,Mumbai,Kolkata,14936,5h 45m,2026-04-24
Air India,Kolkata,Chennai,7433,4h 15m,2026-04-21
IndiGo,Mumbai,Bangalore,8197,2h 30m,2026-04-14
IndiGo,New Delhi,Hyderabad,5277,3h 0m,2026-04-15
Air India,Chennai,Mumbai,3763,3h 15m,2026-04-22
GoAir,Bangalore,Kolkata,6138,5h 45m,2026-04-24
Vistara,Kolkata,Mumbai,2891,2h 0m,2026-04-20
GoAir,Mumbai,Chennai,5291,3h 45m,2026-04-22
IndiGo,Kolkata,Hyderabad,5552,4h 45m,2026-04-15
Air India,Kolkata,Chennai,10947,2h 15m,2026-04-18
GoAir,Hyderabad,New Delhi,10643,3h 30m,2026-04-23
Vistara,Bangalore,Hyderabad,4898,4h 15m,2026-04-19
GoAir,Bangalore,Hyderabad,8380,5h 15m,2026-04-22
Vistara,Mumbai,Bangalore,6749,1h 45m,2026-04-15
IndiGo,New Delhi,Bangalore,4666,1h 0m,2026-04-22
Vistara,Hyderabad,Kolkata,2640,1h 15m,2026-04-14
Air India,Mumbai,Chennai,14638,3h 15m,2026-04-22
IndiGo,Chennai,Bangalore,6774,3h 30m,2026-04-14
Air India,Mumbai,Kolkata,11542,1h 15m,2026-04-22
IndiGo,Chennai,Mumbai,7692,3h 30m,2026-04-15
SpiceJet,Hyderabad,New Delhi,2833,2h 45m,2026-04-16
Vistara,Kolkata,Bangalore,12144,2h 45m,2026-04-23
Vistara,Kolkata,Bangalore,9190,1h 30m,2026-04-22
Air India,Bangalore,Chennai,14797,4h 30m,2026-04-18
GoAir,Bangalore,New Delhi,4584,3h 45m,2026-04-21
IndiGo,Hyderabad,Mumbai,4401,3h 30m,2026-04-24
SpiceJet,Chennai,Bangalore,3877,2h 15m,2026-04-24
SpiceJet,Kolkata,Chennai,6405,5h 45m,2026-04-24
Air India,Bangalore,Hyderabad,10385,2h 0m,2026-04-15
GoAir,Mumbai,Chennai,11597,2h 30m,2026-04-16
GoAir,Bangalore,New Delhi,9421,2h 45m,2026-04-16
IndiGo,New Delhi,Mumbai,6922,4h 15m,2026-04-16
IndiGo,Hyderabad,New Delhi,10668,3h 0m,2026-04-24
GoAir,Bangalore,Chennai,9314,1h 15m,2026-04-20
Air India,Hyderabad,Kolkata,5481,3h 0m,2026-04-20
Air India,Mumbai,Hyderabad,13774,4h 45m,2026-04-22
SpiceJet,Mumbai,New Delhi,2943,3h 15m,2026-04-17
SpiceJet,Mumbai,Bangalore,7046,1h 15m,2026-04-16
SpiceJet,Mumbai,Hyderabad,8660,2h 0m,2026-04-17
Air India,Bangalore,New Delhi,5801,4h 30m,2026-04-20
Air India,Chennai,Mumbai,4523,2h 30m,2026-04-24
GoAir,New Delhi,Mumbai,4781,1h 15m,2026-04-14
IndiGo,Bangalore,Kolkata,10025,3h 45m,2026-04-23
SpiceJet,Mumbai,Hyderabad,14279,2h 0m,2026-04-14
GoAir,Mumbai,Chennai,6603,1h 30m,2026-04-22
Vistara,Bangalore,Kolkata,7735,2h 30m,2026-04-16
Air India,New Delhi,Hyderabad,11822,2h 45m,2026-04-23
GoAir,Bangalore,Mumbai,11792,4h 0m,2026-04-20
GoAir,Hyderabad,Chennai,7114,2h 0m,2026-04-20
IndiGo,Chennai,Kolkata,5461,1h 45m,2026-04-22
IndiGo,Chennai,Hyderabad,3994,1h 0m,2026-04-24
SpiceJet,Kolkata,Hyderabad,9012,3h 45m,2026-04-24
IndiGo,Hyderabad,Bangalore,8532,3h 30m,2026-04-16
IndiGo,Kolkata,Hyderabad,11299,3h 15m,2026-04-24
SpiceJet,Bangalore,Mumbai,7942,1h 0m,2026-04-23
Air India,Mumbai,Hyderabad,6312,5h 45m,2026-04-23
SpiceJet,Bangalore,Mumbai,3718,3h 0m,2026-04-18
GoAir,Hyderabad,Kolkata,5108,4h 30m,2026-04-21
GoAir,Mumbai,Hyderabad,10361,5h 15m,2026-04-22
GoAir,New Delhi,Bangalore,6201,1h 0m,2026-04-22
GoAir,Chennai,Kolkata,3448,2h 45m,2026-04-22
IndiGo,Hyderabad,Chennai,8504,4h 45m,2026-04-18
IndiGo,Kolkata,Hyderabad,2145,4h 0m,2026-04-19
Air India,Hyderabad,Chennai,13940,1h 15m,2026-04-23
IndiGo,New Delhi,Mumbai,6408,1h 30m,2026-04-24
GoAir,Mumbai,Kolkata,14554,4h 45m,2026-04-19
Vistara,Hyderabad,Chennai,9569,5h 0m,2026-04-14
IndiGo,Bangalore,New Delhi,3783,2h 30m,2026-04-22
GoAir,Chennai,Hyderabad,9638,5h 30m,2026-04-21
IndiGo,Hyderabad,Bangalore,8833,4h 0m,2026-04-15
GoAir,Bangalore,Hyderabad,9686,4h 45m,2026-04-14
SpiceJet,Chennai,Kolkata,6330,1h 45m,2026-04-23
SpiceJet,New Delhi,Bangalore,12942,3h 45m,2026-04-24
